Model,Accuracy,Precision,Recall,F1-Score,ROC-AUC,Train Time (s)
Logistic Regression,1.0,1.0,1.0,1.0,1.0,0.402864933013916
Random Forest,1.0,1.0,1.0,1.0,1.0,8.38427209854126
Gradient Boosting,1.0,1.0,1.0,1.0,1.0,175.1392412185669
Extra Trees,1.0,1.0,1.0,1.0,1.0,3.104830503463745
SVM,1.0,1.0,1.0,1.0,1.0,24.13504934310913
Neural Network,1.0,1.0,1.0,1.0,1.0,89.67202830314636
XGBoost,1.0,1.0,1.0,1.0,1.0,29.606719732284546
LightGBM,1.0,1.0,1.0,1.0,1.0,33.84021353721619
