equipment_type,equipment_count,total_failures,avg_mtbf,total_cost,total_downtime
Harvester,14,106,298.47803803339514,107197.91,1356.8
Irrigation System,18,213,237.17961213169545,252568.35,2979.5
Planter,12,48,383.7430555555556,83276.23,828.7
Sprayer,8,40,406.15520833333335,55331.64,574.6999999999999
Tractor,39,249,338.6635847414694,242340.79,2928.9
